{"cameraMode":{"drawMode":0,"name":"Shaded","section":"Shading Mode"},"sceneLighting":false,"audioPlay":false,"sceneViewState":{"showFog":true,"showMaterialUpdate":false,"showSkybox":false,"showFlares":true,"showImageEffects":true,"showParticleSystems":true},"in2DMode":false,"pivot":{"x":2.8045921325683595,"y":-20.12136459350586,"z":-1.3767895698547364},"rotation":{"x":-0.3468190133571625,"y":-0.6529192328453064,"z":0.46445947885513308,"w":-0.4875422418117523},"size":15.041580200195313,"orthographic":false}