{"cameraMode":{"drawMode":0,"name":"Shaded","section":"Shading Mode"},"sceneLighting":false,"audioPlay":false,"sceneViewState":{"showFog":true,"showMaterialUpdate":false,"showSkybox":false,"showFlares":true,"showImageEffects":true,"showParticleSystems":true},"in2DMode":false,"pivot":{"x":-99.29666900634766,"y":-194.44984436035157,"z":20.47239875793457},"rotation":{"x":-0.39168909192085268,"y":0.554447591304779,"z":-0.3314916491508484,"w":-0.6552529335021973},"size":137.42486572265626,"orthographic":false}